INSERT INTO auteur (id,auteur) VALUES
	 (1,'JD Salinger'),
	 (2,'F. Scott. Fitzgerald'),
	 (3,'Jane Austen'),
	 (4,'Scott Hanselman'),
	 (5,'Jason N. Gaylord'),
	 (6,'Pranav Rastogi'),
	 (7,'Todd Miranda'),
	 (8,'Christian Wenz');﻿INSERT INTO auteur_livre (livre_id,auteur_id) VALUES
	 (1,1),
	 (2,1),
	 (3,1),
	 (4,2),
	 (5,2),
	 (6,3),
	 (7,4),
	 (7,5),
	 (7,6),
	 (7,7);
INSERT INTO auteur_livre (livre_id,auteur_id) VALUES
	 (7,8);﻿INSERT INTO databasechangelog (id,author,filename,dateexecuted,orderexecuted,exectype,md5sum,description,"comments",tag,liquibase,contexts,labels,deployment_id) VALUES
	 ('00000000000000','jhipster','config/liquibase/changelog/00000000000000_initial_schema.xml','2020-11-26 12:16:06.606175',1,'EXECUTED','8:b8c27d9dc8db18b5de87cdb8c38a416b','createSequence sequenceName=sequence_generator','',NULL,'3.9.0',NULL,NULL,'6389366518'),
	 ('00000000000001','jhipster','config/liquibase/changelog/00000000000000_initial_schema.xml','2020-11-26 12:16:06.851091',2,'EXECUTED','8:b107f5fb321c814b99b18c5c2623c5f1','createTable tableName=jhi_user; createTable tableName=jhi_authority; createTable tableName=jhi_user_authority; addPrimaryKey tableName=jhi_user_authority; addForeignKeyConstraint baseTableName=jhi_user_authority, constraintName=fk_authority_name, ...','',NULL,'3.9.0',NULL,NULL,'6389366518'),
	 ('20201120113851-1','jhipster','config/liquibase/changelog/20201120113851_added_entity_Livre.xml','2020-11-26 12:16:06.910889',3,'EXECUTED','8:3207e9a10f5b3d6a7cae7120112d76bd','createTable tableName=livre','',NULL,'3.9.0',NULL,NULL,'6389366518'),
	 ('20201120113851-1-relations','jhipster','config/liquibase/changelog/20201120113851_added_entity_Livre.xml','2020-11-26 12:16:06.915401',4,'EXECUTED','8:d41d8cd98f00b204e9800998ecf8427e','empty','',NULL,'3.9.0',NULL,NULL,'6389366518'),
	 ('20201120113851-1-data','jhipster','config/liquibase/changelog/20201120113851_added_entity_Livre.xml','2020-11-26 12:16:06.940203',5,'EXECUTED','8:39c43e9afc5b1b6e6af36e709aad3776','loadData tableName=livre','',NULL,'3.9.0','faker',NULL,'6389366518'),
	 ('20201120113951-1','jhipster','config/liquibase/changelog/20201120113951_added_entity_Auteur.xml','2020-11-26 12:16:06.962801',6,'EXECUTED','8:7dd35719d346ed36cd3124c626f181ee','createTable tableName=auteur','',NULL,'3.9.0',NULL,NULL,'6389366518'),
	 ('20201120113951-1-relations','jhipster','config/liquibase/changelog/20201120113951_added_entity_Auteur.xml','2020-11-26 12:16:06.985134',7,'EXECUTED','8:3ed1a19949551bd394ce0726aa010a04','createTable tableName=auteur_livre; addPrimaryKey tableName=auteur_livre','',NULL,'3.9.0',NULL,NULL,'6389366518'),
	 ('20201120113951-1-data','jhipster','config/liquibase/changelog/20201120113951_added_entity_Auteur.xml','2020-11-26 12:16:07.002326',8,'EXECUTED','8:dfabf7c93bd54167fa90deb99a43cb63','loadData tableName=auteur','',NULL,'3.9.0','faker',NULL,'6389366518'),
	 ('20201120114051-1','jhipster','config/liquibase/changelog/20201120114051_added_entity_Emplacement.xml','2020-11-26 12:16:07.029032',9,'EXECUTED','8:f9a04fd6fb9724f74c5676cc3d20c066','createTable tableName=emplacement','',NULL,'3.9.0',NULL,NULL,'6389366518'),
	 ('20201120114051-1-relations','jhipster','config/liquibase/changelog/20201120114051_added_entity_Emplacement.xml','2020-11-26 12:16:07.033227',10,'EXECUTED','8:d41d8cd98f00b204e9800998ecf8427e','empty','',NULL,'3.9.0',NULL,NULL,'6389366518');
INSERT INTO databasechangelog (id,author,filename,dateexecuted,orderexecuted,exectype,md5sum,description,"comments",tag,liquibase,contexts,labels,deployment_id) VALUES
	 ('20201120114051-1-data','jhipster','config/liquibase/changelog/20201120114051_added_entity_Emplacement.xml','2020-11-26 12:16:07.049511',11,'EXECUTED','8:89d4472653668d8db3f09909fcf98fc3','loadData tableName=emplacement','',NULL,'3.9.0','faker',NULL,'6389366518'),
	 ('20201120114151-1','jhipster','config/liquibase/changelog/20201120114151_added_entity_Theme.xml','2020-11-26 12:16:07.069316',12,'EXECUTED','8:5c7d7d8b5ff00f8b63408c2695999d62','createTable tableName=theme','',NULL,'3.9.0',NULL,NULL,'6389366518'),
	 ('20201120114151-1-relations','jhipster','config/liquibase/changelog/20201120114151_added_entity_Theme.xml','2020-11-26 12:16:07.090315',13,'EXECUTED','8:85e6fb4d5b37a11f3030e4b47a2835a2','createTable tableName=theme_livre; addPrimaryKey tableName=theme_livre','',NULL,'3.9.0',NULL,NULL,'6389366518'),
	 ('20201120114151-1-data','jhipster','config/liquibase/changelog/20201120114151_added_entity_Theme.xml','2020-11-26 12:16:07.106043',14,'EXECUTED','8:227763e5171698c2686f8a60ca4314a7','loadData tableName=theme','',NULL,'3.9.0','faker',NULL,'6389366518'),
	 ('20201120114251-1','jhipster','config/liquibase/changelog/20201120114251_added_entity_Exemplaire.xml','2020-11-26 12:16:07.134183',15,'EXECUTED','8:22ec21a6ba99351aeda233d0c80921a8','createTable tableName=exemplaire','',NULL,'3.9.0',NULL,NULL,'6389366518'),
	 ('20201120114251-1-relations','jhipster','config/liquibase/changelog/20201120114251_added_entity_Exemplaire.xml','2020-11-26 12:16:07.139501',16,'EXECUTED','8:d41d8cd98f00b204e9800998ecf8427e','empty','',NULL,'3.9.0',NULL,NULL,'6389366518'),
	 ('20201120114251-1-data','jhipster','config/liquibase/changelog/20201120114251_added_entity_Exemplaire.xml','2020-11-26 12:16:07.158457',17,'EXECUTED','8:26ed02c1d111adceb78f4737330067d7','loadData tableName=exemplaire','',NULL,'3.9.0','faker',NULL,'6389366518'),
	 ('20201120114351-1','jhipster','config/liquibase/changelog/20201120114351_added_entity_Emprunt.xml','2020-11-26 12:16:07.187129',18,'EXECUTED','8:87ceb2ad49d32064780a85f43eacb97d','createTable tableName=emprunt','',NULL,'3.9.0',NULL,NULL,'6389366518'),
	 ('20201120114351-1-relations','jhipster','config/liquibase/changelog/20201120114351_added_entity_Emprunt.xml','2020-11-26 12:16:07.191672',19,'EXECUTED','8:d41d8cd98f00b204e9800998ecf8427e','empty','',NULL,'3.9.0',NULL,NULL,'6389366518'),
	 ('20201120114351-1-data','jhipster','config/liquibase/changelog/20201120114351_added_entity_Emprunt.xml','2020-11-26 12:16:07.215428',20,'EXECUTED','8:d4c3f1cb218863a990cacdd7898e0193','loadData tableName=emprunt','',NULL,'3.9.0','faker',NULL,'6389366518');
INSERT INTO databasechangelog (id,author,filename,dateexecuted,orderexecuted,exectype,md5sum,description,"comments",tag,liquibase,contexts,labels,deployment_id) VALUES
	 ('20201120113851-2','jhipster','config/liquibase/changelog/20201120113851_added_entity_constraints_Livre.xml','2020-11-26 12:16:07.233875',21,'EXECUTED','8:7d053acc3c1053b7dad27c6ae65dfdbf','addForeignKeyConstraint baseTableName=livre, constraintName=fk_livre_emplacement_id, referencedTableName=emplacement','',NULL,'3.9.0',NULL,NULL,'6389366518'),
	 ('20201120113951-2','jhipster','config/liquibase/changelog/20201120113951_added_entity_constraints_Auteur.xml','2020-11-26 12:16:07.254754',22,'EXECUTED','8:d97991aaad60149eef3009f5999f3902','addForeignKeyConstraint baseTableName=auteur_livre, constraintName=fk_auteur_livre_auteur_id, referencedTableName=auteur; addForeignKeyConstraint baseTableName=auteur_livre, constraintName=fk_auteur_livre_livre_id, referencedTableName=livre','',NULL,'3.9.0',NULL,NULL,'6389366518'),
	 ('20201120114151-2','jhipster','config/liquibase/changelog/20201120114151_added_entity_constraints_Theme.xml','2020-11-26 12:16:07.273436',23,'EXECUTED','8:125574a420de1877a1e83f3dbe0ad68b','addForeignKeyConstraint baseTableName=theme_livre, constraintName=fk_theme_livre_theme_id, referencedTableName=theme; addForeignKeyConstraint baseTableName=theme_livre, constraintName=fk_theme_livre_livre_id, referencedTableName=livre','',NULL,'3.9.0',NULL,NULL,'6389366518'),
	 ('20201120114251-2','jhipster','config/liquibase/changelog/20201120114251_added_entity_constraints_Exemplaire.xml','2020-11-26 12:16:07.287444',24,'EXECUTED','8:ef2ddcd7e20875b63e3cc90237d67f42','addForeignKeyConstraint baseTableName=exemplaire, constraintName=fk_exemplaire_livre_id, referencedTableName=livre','',NULL,'3.9.0',NULL,NULL,'6389366518'),
	 ('20201120114351-2','jhipster','config/liquibase/changelog/20201120114351_added_entity_constraints_Emprunt.xml','2020-11-26 12:16:07.316689',25,'EXECUTED','8:8f2efb90981ba17f7e41e99a516606ce','addForeignKeyConstraint baseTableName=emprunt, constraintName=fk_emprunt_exemplaire_id, referencedTableName=exemplaire; addForeignKeyConstraint baseTableName=emprunt, constraintName=fk_emprunt_user_id, referencedTableName=jhi_user','',NULL,'3.9.0',NULL,NULL,'6389366518');﻿INSERT INTO databasechangeloglock (id,"locked",lockgranted,lockedby) VALUES
	 (1,false,NULL,NULL);﻿INSERT INTO emplacement (id,nom_emplacement) VALUES
	 (1,'coul1cas1'),
	 (2,'coul1cas2'),
	 (3,'coul2cas1'),
	 (4,'coul2cas2'),
	 (5,'coul2cas3'),
	 (6,'coul2cas4'),
	 (7,'coul2cas5');﻿INSERT INTO emprunt (id,date_emprunt,exemplaire_id,user_id) VALUES
	 (1,'2020-11-19',1,2801),
	 (2,'2020-11-19',2,2802),
	 (3,'2020-11-19',3,2803),
	 (4,'2020-11-20',4,2804),
	 (5,'2020-11-20',8,2804),
	 (6,'2020-11-19',7,2803),
	 (7,'2020-11-20',38,2803);﻿INSERT INTO exemplaire (id,disponibilite,livre_id) VALUES
	 (1,false,1),
	 (2,false,1),
	 (3,false,1),
	 (4,false,1),
	 (5,true,1),
	 (6,true,1),
	 (7,false,2),
	 (8,false,2),
	 (9,true,2),
	 (10,true,2);
INSERT INTO exemplaire (id,disponibilite,livre_id) VALUES
	 (11,true,2),
	 (12,true,2),
	 (13,true,3),
	 (14,true,3),
	 (15,true,3),
	 (16,true,3),
	 (17,true,3),
	 (18,true,3),
	 (19,true,4),
	 (20,true,4);
INSERT INTO exemplaire (id,disponibilite,livre_id) VALUES
	 (21,true,4),
	 (22,true,4),
	 (23,true,4),
	 (24,true,4),
	 (25,true,5),
	 (26,true,5),
	 (27,true,5),
	 (28,true,5),
	 (29,true,5),
	 (30,true,5);
INSERT INTO exemplaire (id,disponibilite,livre_id) VALUES
	 (31,true,6),
	 (32,true,6),
	 (33,true,6),
	 (34,true,6),
	 (35,true,6),
	 (36,true,6),
	 (37,true,6),
	 (38,false,7),
	 (39,true,7),
	 (40,true,7);
INSERT INTO exemplaire (id,disponibilite,livre_id) VALUES
	 (41,true,7),
	 (42,true,7),
	 (43,true,7),
	 (44,true,7);﻿INSERT INTO jhi_authority ("name") VALUES
	 ('ROLE_ADMIN'),
	 ('ROLE_USER');﻿INSERT INTO jhi_persistent_audit_event (event_id,principal,event_date,event_type) VALUES
	 (1001,'admin','2020-11-26 11:16:26.607433','AUTHENTICATION_SUCCESS'),
	 (1051,'admin','2020-11-27 13:33:08.550894','AUTHENTICATION_SUCCESS'),
	 (1101,'admin','2020-11-27 13:41:53.733463','AUTHENTICATION_SUCCESS'),
	 (2751,'admin','2020-11-27 13:45:13.275072','AUTHENTICATION_SUCCESS'),
	 (2752,'admin','2020-11-27 14:04:37.253522','AUTHENTICATION_SUCCESS'),
	 (2851,'admin','2020-11-30 08:33:20.517114','AUTHENTICATION_SUCCESS'),
	 (2901,'admin','2020-11-30 13:59:15.628316','AUTHENTICATION_SUCCESS');﻿﻿INSERT INTO jhi_user (id,login,password_hash,first_name,last_name,email,image_url,activated,lang_key,activation_key,reset_key,created_by,created_date,reset_date,last_modified_by,last_modified_date) VALUES
	 (1,'system','$2a$10$mE.qmcV0mFU5NcKh73TZx.z4ueI/.bDWbj0T1BYyqP481kGGarKLG','System','System','system@localhost','',true,'fr',NULL,NULL,'system',NULL,NULL,'system',NULL),
	 (2,'anonymoususer','$2a$10$j8S5d7Sr7.8VTOYNviDPOeWX8KcYILUVJBsYV83Y5NtECayypx9lO','Anonymous','User','anonymous@localhost','',true,'fr',NULL,NULL,'system',NULL,NULL,'system',NULL),
	 (3,'admin','$2a$10$gSAhZrxMllrbgj/kkK9UceBPpChGWJA7SYIb1Mqo.n5aNLq1/oRrC','Administrator','Administrator','admin@localhost','',true,'fr',NULL,NULL,'system',NULL,NULL,'system',NULL),
	 (4,'user','$2a$10$VEjxo0jq2YG9Rbk2HmX9S.k1uZBGYUHdUcid3g/vfiEl7lwWgOH/K','User','User','user@localhost','',true,'fr',NULL,NULL,'system',NULL,NULL,'system',NULL),
	 (2801,'rsarujan','$2a$10$RjQHaNoElLo6vl3jX7JvcunOkmP4uyYWJD5xAo/IHfOUdIAXV1T8a','Sarujan','Rajaratnam','rsarujan@test.fr',NULL,true,'fr',NULL,'K0sSEoBPghTiO9kxpzmN','admin','2020-11-27 14:41:32.296238','2020-11-27 14:41:32.094894','admin','2020-11-27 14:41:32.296238'),
	 (2802,'rsarujan1','$2a$10$GwuMBILvZZnm3x2URxtYJ.CRjc.fbwMKSHShc5sFw6e2EM0IPw1x.','Sarujan','Rajaratnam2','rsarujan1@test.fr',NULL,true,'fr',NULL,'aWNtLeoE76pZsQxmHjLq','admin','2020-11-27 14:42:05.114274','2020-11-27 14:42:05.112785','admin','2020-11-27 14:42:05.114274'),
	 (2803,'cpalau','$2a$10$uS.gorINc92EfSHqAouMSelgjEYtrlNmMUYB2Hlkr3bDH4zwHwcf6','Clémence','Palau','cp@test.fr',NULL,true,'fr',NULL,'3HyoHH6ygahRCPjXMGBd','admin','2020-11-27 14:42:38.1285','2020-11-27 14:42:38.126479','admin','2020-11-27 14:42:38.1285'),
	 (2804,'cp2','$2a$10$MI.gpOfln0ABaIt3nMFwYOqLLqZ5sJQji4a.kcNK4cNjMdSylTUxi','Clem','Palau','cpcp2@test.fr',NULL,true,'fr',NULL,'pYfYk7fPHBlQGZ0g8NSY','admin','2020-11-27 14:43:48.048533','2020-11-27 14:43:48.042459','admin','2020-11-27 14:43:48.048533');﻿INSERT INTO jhi_user_authority (user_id,authority_name) VALUES
	 (1,'ROLE_ADMIN'),
	 (1,'ROLE_USER'),
	 (3,'ROLE_ADMIN'),
	 (3,'ROLE_USER'),
	 (4,'ROLE_USER'),
	 (2801,'ROLE_USER'),
	 (2802,'ROLE_USER'),
	 (2803,'ROLE_USER'),
	 (2804,'ROLE_USER');﻿INSERT INTO livre (id,titre,description,isbn,code,emplacement_id,"id;titre;description;isbn;code") VALUES
	 (1,'Le receveur dans le seigle','Le receveur dans le seigle','9780321543257','9780201379',1,NULL),
	 (2,'Neuf histoires','Neuf histoires','9780321543333','9780201333',2,NULL),
	 (3,'Franny et Zooe','Franny et Zooe','9780321543222','9780201222',3,NULL),
	 (4,'Gatsby le magnifique','Gatsby le magnifique','9780321543111','9780201111',4,NULL),
	 (5,'Tender id la nuit','Tender id la nuit','9780321543999','9780201999',5,NULL),
	 (6,'Fierté et préjugés','Fierté et préjugés','9780321543777','9780201777',6,NULL),
	 (7,'ASP.NET 4.5 professionnel en C # et VB','ASP.NET 4.5 professionnel en C # et VB','9780321543555','9780201555',7,NULL);﻿INSERT INTO theme (id,theme) VALUES
	 (1,'Programmation'),
	 (2,'Fiction'),
	 (3,'Roman'),
	 (4,'Policier'),
	 (5,'Philosophie'),
	 (6,'Histoire');﻿INSERT INTO theme_livre (livre_id,theme_id) VALUES
	 (7,1),
	 (4,2),
	 (1,3),
	 (5,3),
	 (5,4),
	 (6,5),
	 (2,6),
	 (3,6);